Título,Promedio,Argumento principal,Argumento principal [Valor],Lógica de argumentación,Lógica de argumentación [Valor],Tono emocional,Tono emocional [Valor],Soportes de la argumentación,Soportes de la argumentación [Valor],Cierre,Cierre [Valor],Hechos y datos,Hechos y datos [Valor],Con fuente,Sin fuente,Cita a terceros,Percepciones,Percepciones [Valor],Opinión,Referencia a terceros,Provocación,Comparación,Duda/pregunta,Juicio de valor positivo,Juicio de valor negativo,Autorevelación,Idea épica,Declaración de principios,Escenarios negativos,Escenarios negativos [Valor],Amenazas,Debilidades,Escenarios positivos,Escenarios positivos [Valor],Ventajas,Oportunidades,Fortalezas,Propuestas,Propuestas [Valor],Propuesta completa,Sólo estrategia,Sólo objetivos,Idea genérica,Sólo acción,Sólo responsables,Cápsula y opinión,Discurso íntegro
Cantinflas 'Su Excelencia',  	7.8 ," El argumento principal está expresado al inicio, de una manera  muy general, habla sobre la postura del país que representa. Enmarca  bien el contexto de su discurso y presenta su dilema en torno a la  decisión de: ¿por quién votará? Señores Representantes: Estamos pasando un momento crucial en que  la humanidad se enfrenta a la misma humanidad. Estamos viviendo un  momento histórico en que el hombre científica e intelectualmente es un  gigante, pero moralmente es un pigmeo. ",7.5," Todos sus argumentos giran entorno al argumento principal y  sirven para resolver el dilema de su voto. Con su conocida forma de  expresarse de manera redundante, a buen ritmo hilvana sus argumentos de  forma ordenada: reflexión - argumento - reflexión - argumento. Ordenado al presentar sus racionales, en general se percibe informado: ""Todos creemos que nuestra manera de ser, nuestra manera de  vivir, nuestra manera de pensar y hasta nuestro modito de andar son los  mejores; y el chaleco se lo tratamos de imponérselo a los demás y si no  lo aceptan decimos que son unos tales y unos cuales y al ratito andamos a  la greña."" Vuelve a la reflexión, sobre el respeto, la libertad de las ideas, el  sistema político y económico. Establece en qué aspectos esta de acuerdo  y en que aspectos en desacuerdo con ambas opciones, así les ofrece a  cada uno el argumento de por qué no va a votar por unos ni por otros, al  tiempo que ofrece una salida digna para un “país” débil como el que  representa: ""Es verdad que está en manos de ustedes, de los países  poderosos de la tierra, ¡Verdes y Colorados!, el ayudarnos a nosotros  los débiles, pero no con dádivas ni con préstamos, ni con alianzas  militares. Ayúdennos pagando un precio más justo, más equitativo por  nuestras materias primas, ayúdennos compartiendo con nosotros sus  notables adelantos en la ciencia, en la técnica..."" ",9.0," Apuesta por la tolerancia y el respeto al tiempo que denuncia  realidades innegables. Emocionalidad que complementa al discurso y a sus  racionales. Mensaje de reflexión y crítica sobre los procedimientos del  sistema político y económico. Un ejemplo cuando dice: ""Para mí  todas las ideas son respetables aunque sean 'ideítas' o 'ideotas' aunque  no esté de acuerdo con ellas."" ""¡El que quiera ser Colorado que lo sea,  pero que no pretenda teñir a los demás!."" REFLEXIVO: ""Señores Representantes: Estamos pasando un momento crucial en que la humanidad se enfrenta a la misma humanidad. Estamos  viviendo un momento histórico en que el hombre científica e  intelectualmente es un gigante, pero moralmente es un pigmeo. CRITICO PERO RESPETUOSO: ""ustedes también han sucumbido ante el  materialismo, se han olvidado de los más bellos valores del espíritu  pensando sólo en el negocio, poco a poco se han ido convirtiendo en los  acreedores de la humanidad y por eso la humanidad los ve con  desconfianza. La opinión mundial está tan profundamente dividida en dos  bandos aparentemente irreconciliables, que dado el singular caso, que  queda en sólo un voto."" CONCILIADOR: ""verdad que está en manos de ustedes, de los países  poderosos de la tierra, ¡Verdes y Colorados!, el ayudarnos a nosotros  los débiles, pero no con dádivas ni con préstamos, ni con alianzas  militares."" ",9.0," Aunque ilustrativas y bien empleadas, su mensaje se sustenta en  algunas referencias históricas e información de dominio público (propio  de la ficción). Discurso caracterizado por el uso de argumentos de  orden reflexivo y racional basados en el sentido común. Emplea citas bíblicas e históricas para reforzar al discurso argumental y emocionalmente. ""Hace cien años ya lo dijo una de las figuras más humildes pero  más grandes de nuestro continente: 'El respeto al derecho ajeno es la  paz'. Así me gusta... no que me aplaudan, pero sí que reconozcan la  sinceridad de mis palabras."" ""dos mil años, dijo aquel humilde carpintero de Galilea,  sencillo, descalzo, sin frac ni condecoraciones: 'Amaos... amaos los  unos a los otros', ",5.5," Un cierre que apuntala el sentido emocional del discurso y lo  resume. Es reflexivo, emotivo y crítico a la vez. Cita la palabra de  Jesús de Galilea: ""Amaos los unos a los otros"" y se lamenta que este  mensaje se entendiera mal y que se haya invertido: ""Armaos los unos  contra los otros"". ""Hay otra razón más por la que no puedo dar mi voto: hace  exactamente veinticuatro horas que presenté mi renuncia como embajador  de mi país…"" ""Si no fuéramos tan ciegos, tan obcecados, tan orgullosos, si tan  sólo rigiéramos nuestras vidas por las sublimes palabras, que hace dos  mil años, dijo aquel humilde carpintero de Galilea, sencillo, descalzo,  sin frac ni condecoraciones: 'Amaos... amaos los unos a los otros', pero  desgraciadamente ustedes entendieron mal, confundieron los términos, ¿y  qué es lo que han hecho?, ¿qué es lo que hacen?: 'Armaos los unos  contra los otros'...” ",8.0, Hace una cita a Don Benito Juárez. Representa 1.6% de su discurso. ,3.3%,0%,1.7%,1.6%," Emocional. Destina más de la mitad de sus palabras para  expresar sentimientos. Opiniones con 29.8%: ""Porque además no considero  justo que la mitad de la humanidad, sea la que fuere, quede condenada a  vivir bajo un régimen político y económico que no es de su agrado,  solamente porque un frívolo embajador haya votado, o lo hayan hecho  votar, en un sentido o en otro"" y provocación con 3.5%: ""Y si no se  callan ya yo no sigo, y se van a quedar con la sensación de saber lo que  tenía que decirles.""  Destaca también por utilizar la idea épica (exaltación), con 12.1%:  ""Debemos de pugnar por que el hombre piense en la paz, pero no solamente  impulsado por su instinto de conservación, sino fundamentalmente por el  deber que tiene de superarse y de hacer del mundo una morada de paz y  de tranquilidad cada vez más digna de la especie humana y de sus altos  destinos.""  Hace cuestionamientos con 8.1% de sus palabras, para ejemplo: ""¿Cómo  podemos votar por un sistema que habla de dignidad y acto seguido  atropella lo más sagrado de la dignidad humana que es la libertad de  conciencia eliminando o pretendiendo eliminar a Dios por decreto?"" El cierre es una comparación: ""...dijo aquel humilde carpintero de  Galilea, sencillo, descalzo, sin frac ni condecoraciones: 'Amaos...  amaos los unos a los otros', pero desgraciadamente ustedes entendieron  mal, confundieron los términos, ¿y qué es lo que han hecho?, ¿qué es lo  que hacen?: 'Armaos los unos contra los otros'."" ",66.6%,29.9%,1.9%,3.6%,5.8%,8.1%,0%,3.3%,0%,12.2%,1.8%," Utiliza el 20.3% del total de sus palabras para construir  racionales negativas. Señala debilidades con 16.9%: ""Dicen defender los  Derechos del Proletariado pero sus propios obreros no tienen siquiera el  derecho elemental de la huelga, hablan de la cultura universal al  alcance de las masas pero encarcelan a sus escritores porque se atreven a  decir la verdad, hablan de la libre determinación de los pueblos y sin  embargo hace años que oprimen una serie de naciones sin permitirle que  se den la forma de gobierno que más les convenga."" Y amenazas con 3.3%: ""Pero no la barda de las ideas, ¡eso no!,  ¡nunca!, el día que pensemos igual y actuemos igual dejaremos de ser  hombres para convertirnos en máquinas, en autómatas."" ",20.3%,3.4%,16.9%," Únicamente señala oportunidades con 4.1%: ""Lo que piense ese  señor, o ese otro señor, o ese señor, o ese de allá de bigotito que no  piensa nada porque ya se nos durmió, eso no impide que todos nosotros  seamos muy buenos amigos."" ",4.1%,0%,4.1%,0%," Destina 91 palabras del total de su discurso para enunciar  objetivos y responsables. Para ejemplo: ""Ayúdennos pagando un precio más  justo, más equitativo por nuestras materias primas, ayúdennos  compartiendo con nosotros sus notables adelantos en la ciencia, en la  técnica..."" ",5.7%,0%,0%,3.5%,12.2%,0%,2.2%," 1613 palabras  cuyas fortalezas son  una lógica argumental nada cantinflesca, un elegante tono emocional y un  cierre épico.  Sus debilidades, el argumento central y los soportes a la argumentación. Hablamos de una comedia. Al ser su mensajeparte de una película  (una ficción) la ausencia de aspectos como datos, cifras, no es tan  relevante, sobre todo al considerar los soportes argumentales empleados. Al ser una película, la broma o ""falta de seriedad"" no afecta el tono emocional. Un discurso que situado en los tardíos  sesentas, propone un mundo dividido en dos bloques antagonistas en los  gobiernos mundiales. La referencia al contexto es inevitable,  la guerra fría vista desde los ojos de naciones poco poderosas, cuyos  intereses también van de por medio en las pugnas por el poder. Ordenado al presentar racionales, de una  manera popular, comprensible y metafórica. Apuesta por la tolerancia y  el respeto, al tiempo que denuncia la irracionalidad de verdes y  colorados que representan a liberales y conservadores.  Mensaje de  reflexión y crítica sobre el clima de tensión política y económica de la  guerra fría. Discurso inteligente, que pondera la palabra tolerancia como clave en el entendimiento entre las naciones. El Cantinflas más político señala: ""está  en manos de ustedes, de los países poderosos de la tierra, ¡Verdes y  Colorados!, el ayudarnos a nosotros los débiles, pero no con dádivas ni  con préstamos, ni con alianzas militares."" Sabio discurso de un histórico del siglo pasado.  "," 

Señor  primer ministro, señor ministro de relaciones exteriores, señor  secretario general de la asamblea, señores representantes, estimados  colegas y amigos.

Me ha tocado en suerte ser el último orador, cosa que me me da mucho gusto, como quien dice, así me los agarro cansados. 

  Sin embargo, sé que a pesar de la insignificancia de mi país que no  tiene poderío militar, ni político, ni económico ni mucho menos atómico,  todos ustedes esperan con interés mis palabras ya que de mi voto  depende el triunfo de los Verdes o de los Colorados.

 Señores Representantes: 

 Estamos pasando un momento crucial en que la humanidad se enfrenta a la misma humanidad. 

  Estamos viviendo un momento histórico en que el hombre científica e  intelectualmente es un gigante, pero moralmente es un pigmeo.

  La opinión mundial está tan profundamente dividida en dos bandos  aparentemente irreconciliables, que dado el singular caso, que queda en  sólo un voto. 

 El voto de un país débil y pequeño pueda hacer que la balanza se cargue de un lado o se cargue de otro lado.

  Estamos, como quien dice, ante una gran báscula: por un platillo  ocupado por los Verdes y con otro platillo ocupado por los  Colorados. 

 Y ahora llego yo, que soy de peso pluma como quien dice, y según donde yo me coloque, de ese lado seguirá la balanza.

 ¡Háganme el favor!...

  ¿No creen ustedes que es mucha responsabilidad para un solo ciudadano?  Porque además no considero justo que la mitad de la humanidad, sea la  que fuere, quede condenada a vivir bajo un régimen político y económico  que no es de su agrado, solamente porque un frívolo embajador haya  votado, o lo hayan hecho votar, en un sentido o en otro. 

 El que les habla, su amigo... yo... no votaré por ninguno de los dos bandos.

 Y yo no votaré por ninguno de los dos bandos debido a tres razones: 

  Primera, porque repito, que no se sería justo que el sólo voto de un  representante, que a lo mejor está enfermo del hígado, decidiera el  destino de cien naciones; 

 Segunda, estoy convencido de  que los procedimientos, repito, recalco, los procedimientos de los  Colorados son desastrosos; 

 ¡y Tercera!... porque los procedimientos de los Verdes tampoco son de lo más bondadoso que digamos.

 Y si no se callan ya yo no sigo, y se van a quedar con la sensación de saber lo que tenía que decirles. 

 Insisto que hablo de procedimientos y no de ideas ni de doctrinas. 

 Para mí todas las ideas son respetables aunque sean 'ideítas' o 'ideotas' aunque no esté de acuerdo con ellas. 

  Lo que piense ese señor, o ese otro señor, o ese señor, o ese de allá  de bigotito que no piensa nada porque ya se nos durmió, eso no impide  que todos nosotros seamos muy buenos amigos. 

Todos creemos  que nuestra manera de ser, nuestra manera de vivir, nuestra manera de  pensar y hasta nuestro modito de andar son los mejores; y el chaleco se  lo tratamos de imponérselo a los demás y si no lo aceptan decimos que  son unos tales y unos cuales y al ratito andamos a la greña.

 ¿Ustedes creen que eso está bien? 

 Tan fácil que sería la existencia si tan sólo respetásemos el modo de vivir de cada quien.

  Hace cien años ya lo dijo una de las figuras más humildes pero más  grandes de nuestro continente: 'El respeto al derecho ajeno es la paz'.  Así me gusta... no que me aplaudan, pero sí que reconozcan la sinceridad  de mis palabras.

 Yo estoy de acuerdo con todo lo que dijo el  representante de Salchichonia, con humildad, con humildad de albañiles  no agremiados debemos de luchar por derribar la barda que nos separa, la  barda de la incomprensión, la barda de la mutua desconfianza, la barda  del odio, el día que lo logremos podremos decir que nos volamos la  barda.

 Pero no la barda de las ideas, ¡eso no!, ¡nunca!, el día  que pensemos igual y actuemos igual dejaremos de ser hombres para  convertirnos en máquinas, en autómatas.

 Este es el grave error de  los Colorados, el querer imponer por la fuerza sus ideas y su sistema  político y económico, hablan de libertades humanas, pero yo les  pregunto: ¿existen esas libertades en sus propios países? Dicen defender  los Derechos del Proletariado pero sus propios obreros no tienen  siquiera el derecho elemental de la huelga, hablan de la cultura  universal al alcance de las masas pero encarcelan a sus escritores  porque se atreven a decir la verdad, hablan de la libre determinación de  los pueblos y sin embargo hace años que oprimen una serie de naciones  sin permitirle que se den la forma de gobierno que más les convenga.

  ¿Cómo podemos votar por un sistema que habla de dignidad y acto seguido  atropella lo más sagrado de la dignidad humana que es la libertad de  conciencia eliminando o pretendiendo eliminar a Dios por decreto?

  No, señores representantes, yo no puedo estar con los Colorados, o  mejor dicho con su modo de actuar; respeto su modo de pensar, allá  ellos, pero no puedo dar mi voto para que su sistema se implante por la  fuerza en todos los países de la tierra.

 ¡El que quiera ser Colorado que lo sea, pero que no pretenda teñir a los demás!.

  ¡Un momento jóvenes!, ¿pero por qué tan sensitivos? Pero si no aguantan  nada, no, pero si no he terminado, tomen asiento. Ya sé que es  costumbre de ustedes abandonar estas reuniones en cuanto oyen algo que  no es de su agrado; pero no he terminado, tomen asiento, no sean  precipitosos... todavía tengo que decir algo de los Verdes, ¿no les es  gustaría escucharlo? Siéntese.

 Y ahora, mis queridos colegas  Verdes, ¿ustedes qué dijeron?: 'Ya votó por nosotros', ¿no?, pues no,  jóvenes, y no votaré por ustedes porque ustedes también tienen mucha  culpa de lo que pasa en el mundo, ustedes también son medio soberbios,  como que si el mundo fueran ustedes y los demás tienen una importancia  muy relativa, y aunque hablan de paz, de democracia y de cosas muy  bonitas, a veces también pretenden imponer su voluntad por la fuerza,  por la fuerza del dinero. 

Yo estoy de acuerdo con ustedes en  que debemos luchar por el bien colectivo e individual, en combatir la  miseria y resolver los tremendos problemas de la vivienda, del vestido y  del sustento. Pero en lo que no estoy de acuerdo con ustedes es la  forma que ustedes pretenden resolver esos problemas, ustedes también han  sucumbido ante el materialismo, se han olvidado de los más bellos  valores del espíritu pensando sólo en el negocio, poco a poco se han ido  convirtiendo en los acreedores de la humanidad y por eso la humanidad  los ve con desconfianza. 

 El día de la inauguración de la  Asamblea, el señor embajador de Dolaronia dijo que el remedio para todos  nuestros males estaba en tener automóviles, refrigeradores, aparatos de  televisión... y yo me pregunto: ¿para qué queremos automóviles si  todavía andamos descalzos?, ¿para qué queremos refrigeradores si no  tenemos alimentos que meter dentro de ellos?, ¿para qué queremos tanques  y armamentos si no tenemos suficientes escuelas para nuestros hijos?

  Debemos de pugnar por que el hombre piense en la paz, pero no solamente  impulsado por su instinto de conservación, sino fundamentalmente por el  deber que tiene de superarse y de hacer del mundo una morada de paz y  de tranquilidad cada vez más digna de la especie humana y de sus altos  destinos. 

 Pero esta aspiración no será posible sino hay  abundancia para todos, bienestar común, felicidad colectiva y justicia  social. 

 Es verdad que está en manos de ustedes, de los  países poderosos de la tierra, ¡Verdes y Colorados!, el ayudarnos a  nosotros los débiles, pero no con dádivas ni con préstamos, ni con  alianzas militares. Ayúdennos pagando un precio más justo, más  equitativo por nuestras materias primas, ayúdennos compartiendo con  nosotros sus notables adelantos en la ciencia, en la técnica... pero no  para fabricar bombas sino para acabar con el hambre y con la miseria.  Ayúdennos respetando nuestras costumbres, nuestra dignidad como seres  humanos y nuestra personalidad como naciones por pequeños y débiles que  seamos; practiquen la tolerancia y la verdadera fraternidad que nosotros  sabremos corresponderles, pero dejen ya de tratarnos como simples  peones de ajedrez en el tablero de la política internacional. 

  Reconózcannos como lo que somos, no solamente como clientes o como  ratones de laboratorios, sino como seres humanos que sentimos, que  sufrimos, que lloramos.

 Señores representantes, hay otra razón  más por la que no puedo dar mi voto: hace exactamente veinticuatro horas  que presenté mi renuncia como embajador de mi país, espero me sea  aceptada. Consecuentemente no les he hablado a ustedes como Excelencia  sino como un simple ciudadano, como un hombre libre, como un hombre  cualquiera pero que, sin embargo, cree interpretar el máximo anhelo de  todos los hombres de la tierra, el anhelo de vivir en paz, el anhelo de  ser libre, el anhelo delegar a nuestros hijos y a los hijos de nuestros  hijos un mundo mejor en el que reine la buena voluntad y la concordia.

  Y qué fácil sería, señores, lograr ese mundo mejor en que todos los  hombres blancos, negros, amarillos y cobrizos, ricos y pobres pudiésemos  vivir como hermanos. 

 Si no fuéramos tan ciegos, tan  obcecados, tan orgullosos, si tan sólo rigiéramos nuestras vidas por las  sublimes palabras, que hace dos mil años, dijo aquel humilde carpintero  de Galilea, sencillo, descalzo, sin frac ni  condecoraciones: 'Amaos... amaos los unos a los otros', pero  desgraciadamente ustedes entendieron mal, confundieron los términos, ¿y  qué es lo que han hecho?, ¿qué es lo que hacen?: 'Armaos los unos contra  los otros'... 

 He dicho...

"
"Michael Jordan, discurso en el Salón de la Fama",  	8.96 ," Simpático y humilde, comienza su discurso reconociendo la  relevancia en su carrera de personas que lo acompañaron durante su  carrera. Ante su entrada al salón de la fama el objetivo discursivo es  el agradecimiento, mostrado desde el inicio cuando dice: ""I got too many people I gotta thank. In all the videos, you never  just saw me; you saw Scottie Pippin."" - ""Tengo mucha gente que tengo que  agradecer. En todos los videos, no sólo me vieron a mí, vieron a  Scottie Pippin"" ",9.6," Mantiene durante su discurso una narrativa constante y llena de  referencias a terceras personas y organizaciones que influyeron en su  vida. Centrado en los agradecimientos, cronológicamente el deportista  diserta sobre su historia y cómo se desarrolló su exitosa carrera. Aprovecha los momentos de mención a terceros para expresar pasajes que  no necesariamente fueron positivos o agradables, por ejemplo al hablar  de su lesión de tobillo y la discusión que tuvo con quien fuera entonces  su entrenador. Asimismo, utiliza el recurso anecdótico para colocarse  ante temas como la posición de control que trataron de mantener  organizaciones hacia los jugadores, dijo: ""Don't get me wrong. But don't  try to put the organization above the players, because at the end of  the day the players still got to go out there and perform."" - ""No me mal  interpreten. Pero no traten de poner a las organizaciones por encima de  los jugadores, porque al final del día, los jugadores tienen que salir y  ejecutar."" Controversial postura sobre su desesperación por ganar, y contraria a  los agradecimientos generalizados que hace a quienes han trabajado con  él, dijo: ""I'll do anything to win. You know, if that means we play team  format, we win. If that means I have to do whatever I have to do, we  gonna win no matter how you look at it."" - ""Haré lo que sea para ganar.  Ustedes saben, si eso significa que juguemos en formato de equipo,  ganamos. Si eso significa que tengo que hacer lo que tenga que hacer,  vamos a ganar, no importa cómo lo miren."" ",7.6," Discurso de alta emocionalidad que muestra al personaje de  manera natural, espontánea y auto reveladora. Apropiado uso de las  referencias a terceros, en las que evoca con emoción los sentimientos  que tiene hacia ellos. Amplísimo reconocimiento a su madre en las palabras empleadas, por  ejemplo: ""She's a rock - she's unbelievable. Right now she takes over  two jobs."" - ""Es una roca - ella es increíble. En este momento se hace  cargo de dos puestos de trabajo."", así como al resto de su familia. ",9.6," Discurso con total recurrencia a las anécdotas, mismas con las  que recuerda el paso por su carrera como profesional del deporte y las  relaciones que surgieron en el camino. Alto en referencias a terceros y hechos específicos que, dice,  marcaron su historia e impulsaron su éxito. Un ejemplo de estas  anécdotas es cuando se refiere a su primer entrenador en el equipo de  los Chicago Bulls. Recuerda en su discurso: ""You know, Jerry provided a  lot of different obstacles for me, but at the same time the guy gave me  an opportunity to perform at the highest level in terms of basketball"" -  ""Saben, Jerry proporcionó una gran cantidad de obstáculos para mí, pero  al mismo tiempo, el hombre me dio la oportunidad de llevar a cabo al  más alto nivel en términos de baloncesto."" Auto revelador, el deportista reseña el origen de su tenacidad y  talento en la importancia de su familia. Justifica su éxito diciendo:  ""And you guys sit there asking where is my competition or where did my  competitive nature come from? It came from them."" - ""Y ustedes se  sientan allí preguntándose ¿dónde está mi competencia, o de dónde surge  mi naturaleza competitiva? Venía de ellos."" ",8.4," Breve y contundente cierre que envuelve y sintetiza el discurso  que concluye. Agradecido, motivado y entusiasmado se muestra pleno de  emoción positiva. Expresa su deseo de inspiración hacia los demás y dice: ""I hope that  it's given the millions of people that I've touched, the optimism and  the desire to achieve their goals through hard-work, perseverance, and  positive attitude."" - ""Espero que le haya dado a los millones de  personas que toqué, el optimismo y el deseo de alcanzar sus metas a  través de trabajo duro, perseverancia y actitud positiva."" Termina diciendo que "" One day you might look up and see me playing  the game at 50."" - ""Un día ustedes pueden voltear hacia arriba y verme  jugando al básquetbol a los 50."" ",9.6," 15% de Hechos y Datos, todos sin fuente. Por ejemplo, datos  personales, de la Historia del basket ball, y de las personas relevantes  en su carrera. ",15%,0%,15%,0%," Casi un 81% de palabras fueron empleadas en la formulación de  Percepciones, haciendo de este discurso uno caracterizado por su  expresión emocional. Aunque el autor hace uso de todas las sub  categorías de este tipo de patrón cognitivo, se enfoca en la Opinión con  30.6% de palabras, en la auto revelación con el 26.5% y en la  Referencia a terceros con 13.7%. Como ejemplo de ésta citamos su frase:  ""Believe me I had a lot of teammates over the 14 years that I played for  the Bulls. You know I respected each and every one of them, I just  wanted to win."" ",80.9%,30.6%,13.7%,2.2%,0.5%,3.2%,1.7%,0.2%,26.5%,2.3%,0%, Ninguno. ,0%,0%,0%," 4.2% de las palabras del texto se emplearon en la formulación  de Racionales Positivas de carácter personal como la fortaleza que emite  para demostrar de dónde le viene su competitividad. En sus palabras:  “They gave me all I could ever ask for as a brother in terms of  competition. You know you would think - my brother Larry is an ideal  situation where small things come in small packages; this dude fought me  every single day. And to the extent that my mother used to come out and  make us come in because we were fighting way too much."" ",3.5%,2.4%,0%,1.1%, Ninguna. ,0%,0%,0%,0%,2.3%,0%,0%," Cognitivamente, Jordan construye un  discurso de épica: historias de éxitos y dificultades concatenadas. Los  datos alcanzan el 15% bajo forma de hechos sin fuente. Un discurso que al escucharlo y leerlo suena improvisado. Estructuralmente un discurso de 9/10 en  escala Adqat. Sorprende que un documento tan bien integrado provenga de  un deportista, que además improvisa, lo que le proporciona una gran  capacidad de impacto. Discurso cuidado al detalle pero con un punto  flaco, la lógica argumental. Refiere a entrenadores y jugadores que le  acompañaron en su carrera. Generoso, Jordan dice: ""Tengo mucha gente a  la que tengo que agradecer. En todos los videos, no solo me vieron a mi,  vieron a Scottie Pippen"". Discurso que revela el origen de sus deseos de éxito. Motivador al hacer revelaciones de  episodios de su vida cotidiana que bien le pueden ocurrir a cualquier  persona y aun así alcanzar el éxito. Extraordinario uso de la palabra  'competitive', con la que muestra contundentemente su deseo de siempre  ganar ('competitive' dicho en 10 ocasiones durante el discurso). Palabras de obsesión por el éxito. Su idea  central, la competitividad y Michael Jordan es sin duda su  personificación. Habla de la dura juventud que vivió, al decir: ""Y  ustedes están allí preguntándose ¿dónde está mi competitividad, o de  dónde surge mi naturaleza competitiva? Viene de ahí” Una carrera deportiva ejemplar dentro y  fuera de las canchas: Esta semana hace 10 años, se retiró el mejor  basquetbolista de la historia. Decía Winston Churchill: El éxito es aprender a ir de fracaso en fracaso sin desesperarse.  ","Thank you. Thank you.

 I told all my friends I was just gonna come up here and say 'thank  you' and walk off. I can't. There's no way. I got too many people I  gotta thank. In all the videos, you never just saw me; you saw Scottie  Pippin. Every Championship I won. I've had a lot of questions over the  last four weeks, and everybody's saying well 'why'd you pick David  Thompson?' I know why, and David knows why, and maybe you guys don't  know why, but as I grew up in North Carolina, I was 11 years old in 1974  I think when you guys won the championship. And uh, I was an  anti-Carolina guy - I hated UNC, and here I ended up at UNC. But I was  in love with David Thompson. Not just for the game of basketball, but in  terms of what he represented. You know, we all - as Vivienne said - we  go through our trials and tribulations. And, he did. And I was inspired  by him. And when I called him and asked him to uh, stand up for me, I  know that I shocked the sh1t outta him. (applause, laughter)

 I know I did. But...he was very kind and said 'yea, I'll do it.' And  that wasn't out of disrespect to any of my Carolina guys - they all know  I'm a true blue Carolina guy to the heart. Coach Smith, Larry Brown,  Sam Perkins, James Worthy - you know, all of those guys.

 Well it all starts with my parents - you guys see all the highlights;  what is it about me that you guys don't know? Uh, as I sat up here and  watch all the other recipients stand up here and they give the history;  there's so many things I didn't know about Jerry Sloan. I know he lived  on a farm, but I didn't know he was in a small classroom from the first  grade to the eighth grade. Even David Robinson - obviously I've known  David for some time and you know, I've found some things out about him,  and even with John I found some bad things - or good things out about  him. (laughs) And even Viv - Viv, I've known Viv for years. Her and my  father and my Mom spent a lot of time on the Nike trips and I found out a  lot of good things about her, but what about me that you guys don't  know?

 I got two brothers - James and Larry - they're 5'4"", 5'5"" in height.  (laughs) They gave me all I could ever ask for as a brother in terms of  competition. You know you would think - my brother Larry is an ideal  situation where small things come in small packages; this dude fought me  every single day. And to the extent that my mother used to come out and  make us come in because we were fighting way too much. And my older  brother was always gone - he served in the Army for 31 years. (applause)

 And the competition didn't stop there - my sister, who is one year  younger than me, Raz, never wanted to be home by herself. She took  classes - extra classes to graduate from High School with me, to go to  University of North Carolina with me, and to graduate - prior - than me.  (laughs) And you guys sit there asking where is my competition or where  did my competitive nature come from? It came from them. It came from my  older sister, who's not here today. And my father, who's not here today  - obviously he's with us in all of us. I mean my competitive nature has  gone a long way from the first time I picked up any sport - baseball,  football, ran track, basketball - anything to miss class, I played it.

 So they started the fire in me - that fire started with my parents.  And as I moved on in my career people added wood to that fire. Coach  Smith, you know what else can I say about him? (applause) You know, he's  legendary in the game of coaching. And then there's Leroy Smith. Now  you guys think that's a myth. Leroy Smith was a guy when I got cut he  made the team - on the Varsity team - and he's here tonight. He's still  the same 6'7"" guy - he's not any bigger - probably his game is about the  same. But he started the whole process with me, because when he made  the team and I didn't, I wanted to prove not just to Leroy Smith, not  just to myself, but to the coach that picked Leroy over me, I wanted to  make sure you understood - you made a mistake dude. (laughter, applause)

 And then there's Buzz Peterson, my roommate. Now when I first met  Buzz - all I heard about was this kid from Ashville, North Carolina  who's player of the year. I'm thinking, 'well he ain't never played  against me yet, so how did he become Player of the Year?' Is that some  type of media exposure? You know I came from Wimbleton; you know we had  two channels, channel ABC and channel NBC, that was it. I never saw NBA  sports at all when I grew up; we didn't have CBS affiliation in North  Carolina in Wimbleton, so Buzz Peterson became a dot on my board. And  when I got the chance to meet Buzz Peterson on the basketball court or  in person - Buzz was a great person, it wasn't a fault of his. It was  just that my competitive nature - I didn't think that he could beat me,  or he was better than me as a basketball player. And he became my  roommate. And from that point on, he became a vocal point - not  knowingly; he didn't know it - but he did. And Coach Smith, the day that  he was on the Sports Illustrated and he named four starters and he  didn't name me - that burned me up! Because I thought I belonged on that  Sports Illustrated. Now he had his own vision about giving a Freshman  that exposure, and I totally understand that, but from a basketball  sense I deserved to be on that Sports Illustrated, and he understand  that.

 And it didn't stop there. You know, my competitive nature went right  into the pros; I get to the Bulls, which I was very proud that - at the  time Jerry Rice &lt;&gt; on the team. It was another organization. And  Rob Thorn drafted me. Kevin Lockey was my first coach. Kevin used to  take practices and put me in the starting five, and he'd make it a  competitive thing where the losing team would have to run. So now I'm on  the winning team, and half way in the game, half way in the situation,  he would switch me to the losing team. So I take that as a competitive  thing of you trying to test me - and 9 times out of 10 the second team  would come back and win no matter what he did. So I appreciate Kevin  Lockey for giving me that challenge - you know providing that type of  fire within me; he threw another log on that fire for me.

 Jerry &lt;&gt; - I mean what else can I say? The next year I came  back, I broke my foot and I was out for 65 games. And when I came back I  wanted to play; you know he and the doctor's came up with this whole  theory that you can only play 7 minutes a game, but I'm practicing 2  hours a day. I'm saying 'well, I don't think - I don't agree with that  math, you know?' And back then it was about whoever had the worst record  got the most balls and the ping pong balls and you know you can decide  what pick you're gonna have, but I didn't care about that, I just wanted  to win. I wanted to make the playoffs. You know, I wanted to keep that  energy going in Chicago. So I had to go in his office, and sit down with  him and say 'Jerry, you know I feel like I should play more than 14  minutes, I've been practicing 2 hours.' And he said 'MJ, I think I have  to protect the long term investment that we've invested in you.' And I  said 'Jerry, I, I really think I should be able to play.' And he said  'let me ask you this, if you had a headache?' And you know at that time  it was about 10% chance that I could re-injure my ankle or my foot. And  he said 'if you had a headache and you got 10 tablets and one of them is  coated with cyanide, would you take the tablet?' And I looked at him  and I said 'how bad is the headache? depend on how bad the headache.'  Jerry looked at me and he said 'Yeah ok I guess that's a good answer,  you can go back and play'. And he let me go back and play.

 You know, Jerry provided a lot of different obstacles for me, but at  the same time the guy gave me an opportunity to perform at the highest  level in terms of basketball, and the Bulls - the whole Bulls  organization did a great justice for me and all of my teammates -  believe me I had a lot of teammates over the 14 years that I played for  the Bulls. You know I respected each and every one of them, I just  wanted to win. You know, it's how you want to look at it. And then along  came Doug Collins who was caught in the whole midst of this Jerry Kraus  and Jerry Rainsdorf. And, at the same time, you know when I was trying  to play in the summertime, he said 'well, you're a part of the  organization and the organization said you can't play in the summertime'  and I said 'Doug, you haven't read the fine print in my contract. In my  contract I have the 'love the game clause' that means I can play  anytime I want, any place I want.' (laughs) And Doug looked at me and  said 'yea, you're right, you're right.' And that's how we became a  little closer in terms of Doug Collins and myself. And Jerry Kraus is  right there, and Jerry is not here - I mean obviously, I don't know who  invited him, I didn't, but uh. I hope he understands, I hope he  understands it goes a long way, and he was a very competitive person and  I was a very competitive person. He said 'organizations win  championships'. I said 'I didn't see organizations playing with the Flu  in Utah. I didn't see them playing with a bad ankle.' Granted, I think  organizations put together teams, but at the end of the day, the team  has to go out and play. You know, so in essence, I think the players win  the championship, and the organization has something to do with it -  don't get me wrong. But don't try to put the organization above the  players, because at the end of the day the players still got to go out  there and perform. You guys gotta pay us, but I still gotta go out and  play.

 Obviously, you see my kids - Jeffrey, Marcus, Jasmine - I love you  guys. I think you guys represent a lot of me; a lot of different  personalities. Your Mom, you represent them as well. You know I think  that you guys have a heavy burden. I wouldn't want to be you guys if I  had to, because of all the expectations that you have to deal with - I  mean look around you, they're charging $1000 tickets for this whole  event. It used to be 200 bucks. But I paid it, you know, I had no  choice. I had a lot of family, a lot of friends I had to bring in... so  thank you Hall of Fame for raising ticket prices, I guess.

 But you guys - I love you guys - you guys, just so you know, you got a  whole host of people supporting you; family, friends, people that you  don't know. Relatives coming out of the woodwork, you know, no matter  how you look at it. But I think we taught you right - your Mom and I -  and hopefully you can make the right decision when the time comes.

 My Mom, what else can I say about my Mom. My Mom never stays still.  You think I'm busy? She's always on the go. And without her - she's a  rock - she's unbelievable. Right now she takes over two jobs. (applause)  She's an unbelievable woman. If I've got anybody that's nagging me each  and every day, it is her. And she constantly keeps me focused on the  good things about life - you know how people perceive you, how you  respect them, you know what's good for the kids, what's good for you.  How you are perceived publicly, take a pause and think about the things  that you do. And that all came from my parents, you know it came from my  Mom. And she still at this stage - I'm 46 years old - she's still  parenting me today. And that's the good thing about that lady, I love  her to death. I love her to death.

 And I'm going to thank a couple people that you guys probably  wouldn't even think that I would thank. Isiah Thomas, Magic Johnson,  George Gervin - now they say it was a so-called 'freeze out' in my  rookie season. I wouldn't have never guessed, but you guys gave me the  motivation to say 'you know what, evidently I haven't proved enough to  these guys. I gotta prove to them that I deserve what I've gotten on  this level'. And no matter what people may have said - if it was a  rumor, I never took it as truth - but you guys never froze me out,  because I was just happy to be there, no matter how you look at it. And  from that point forward I wanted to prove to you, Magic, Larry, George,  everybody - that I deserved to be on this level just as much as  everybody else. And hopefully over the period of my career I've done  that, without a doubt - you know even in the Detroit years, we've done  that.

 Pat Riley. I mean, you and I, we go way back. I still remember in  Hawaii - you remember in Hawaii, you and I - I was coming in and you  were I guess leaving and you decided to stay a couple extra days, but  you were in my suite. And they came and they told you you had to get out  of my suite. And you slid a note underneath my door - although you had  to move; you did move - you slid a note, saying: 'I enjoyed the  competition, congratulations. But we will meet again.' And I took the  heart in that because I think in all honesty you're just as competitive  as I am, even from a coaching stand point. And you challenged me every  time I played the Knicks, the Heat - and I don't think you were with the  Lakers - but anytime I played against you, you had Jordan-Stoppers on  your team, you had John Starks who I loved. You even had my friend  Charles Oakley saying 'we can't go to lunch, we can't go to dinner,  because Pat doesn't believe in fraternizing between the two of us.' And  this guy hit me harder than anybody else in the league and he was my  best friend. Patrick Ewing - we had the same agent, we came at the same  time, but we can't go to lunch. Why is this? You think I'm gonna play  against Patrick any different than I play against anybody else? Nah,  nah. And then you had your little guy, who was on your staff, who became  the next coach after you - Jeff VanGundy. He said I conned the players,  I befriended them and then I attacked them on the basketball court.  Where did that come from? I just so happen to be a friendly guy. I get  along with everybody, but at the same time when the light comes on I'm  just as competitive as anybody you know. So you guys I have to say thank  you very much for that motivation that I desperately needed. (applause)

 Phil Jackson. Phil Jackson is a - to me, he's a professional Dean  Smith. He challenged me mentally, not just physically. You know, he  understood the game, along with Tex Winter. They taught me a lot about  the basketball game - Tex being the specialist - you know I could never  please Tex. And I love Tex. Tex is not here, but I know he's here in  spirit. I can remember a game coming off the basketball court, and we  were down, I don't know 5-10 points, and I go off for about 25 points  and we come back and win the game. And we're walking off the floor and  Tex look at me and says 'you know, there's no 'i' in team'. And I said  'Tex, there's not, there's not an 'i' in team, but there's an 'i' in  win.' (laughs, applause). I think he got my message: I'll do anything to  win. You know, if that means we play team format, we win. If that means  I have to do whatever I have to do, we gonna win no matter how you look  at it.

 And then we had all those media nay-sayers. Oh 'scoring champion  can't win an NBA title.' Or 'you're not as good as Magic Johnson, you're  not as good as Larry Bird - you're good, but you're not as good as  those guys.' You know, I had to listen to all of this - and that put so  much wool on that fire that it kept me - each and everyday, trying to  get better as a basketball player. Now I'm not saying that they were  wrong - I may have looked at it from a different perspective. But at the  same time, as a basketball player I'm trying to become the best that I  can, you know, and for someone like me who achieved a lot over the  course of my career you look for any kind of messages that people may  say or do to get you motivated to play the game of basketball at the  highest level, because that is when I feel like i excel at my best.

 And my last example of that - and the last one that you guys have  probably seen - I hate to do it to him, but - he's such a nice guy and  uh. When I first met Bryan Russell - John &lt;&gt; will remember this - I  was in Chicago in 1994. I was working out for baseball, and they came  down for a workout and shoot-around and I came over to say hello. And at  this time I had no thoughts of coming back and playing the game of  basketball, and Bryan Russell came over to me and said 'you know what  man, why'd you quit? Why'd you quit? You know I could guard you. If I  ever see you in a pair of shorts. If I ever see you in a pair of  shorts.' Remember this John? (laughs)

 So when I did decide to come back in 1995, and then we played Utah in  '96, I'm at the Center Circle and Bryan Russell is sitting next to me  and I look over at Bryan and I said 'do you remember this conversation  you made in 1994, or when you 'I think I can guard you, I can shut you  down, and I would love to play against you.' 'well you about to get your  chance.' And believe me, ever since that day, he got his chance. I  don't know how succeeding he was, but I think he had his chance, and  believe me I relished on that point and from this day forward if I ever  see him in shorts I'm coming at him.

 I know you guys gotta go - I know I've been up here a lot longer than  I told my friends I was going to be up here. I cried. I was supposed to  go up here say 'thank you' and walk off, and I didn't even do that, so  uh.

 As I close - the game of basketball has been everything to me. My  refuge. My place I've always gone when I needed to find comfort and  peace. It's been a source of intense pain, and a source of most intense  feelings of joy and satisfaction. And one that no one can even imagine.  It's been a relationship that has evolved over time, and given me the  greatest respect and love for the game. It has provided me with a  platform to share my passion with millions in a way I neither expected  nor could have imagined in my career. I hope that it's given the  millions of people that I've touched, the optimism and the desire to  achieve their goals through hard-work, perseverance, and positive  attitude. Although I'm recognized with this tremendous honor of being in  the basketball Hall of Fame - I don't look at this moment as a defining  end to my relationship with the game of basketball. It's simply a  continuation of something that I started a long time ago. One day you  might look up and see me playing the game at 50. (laughs) Oh don't  laugh. Never say never. Because limits, like fears are often just an  illusion. Thank you very much. Looking forward to it.

"
Gabriel García Márquez: La soledad de América Latina ,  	8.2 ," El discurso trata de centrar dos temas y hacerlo una misma  reflexión: el reconocimiento que en su persona la academia hace a la  literatura latinoamericana, y la ceguera que en ese entonces padecían  las naciones europeas, ante la realidad latinoamericana tan vapuleada en  su integridad por golpes de estado, invasiones, contrarrevoluciones,  que habían mantenido a América latina, hasta el 82, en una situación de  miseria. El quid del discurso es un llamado de atención a Europa a  considerar no sólo la literatura latinoamericana como importante, sino a  los pueblos que la motivan, circunscriben y recrean. Sin embargo al  principio no es claro el propósito del mensaje. Por tardar en presentar  el quid pierde puntos. ""Me atrevo a pensar, que es esta realidad descomunal, y no sólo  su expresión literaria, la que este año ha merecido la atención de la  Academia Sueca de las Letras.""(...)""Poetas y mendigos, músicos y  profetas, guerreros y malandrines, todas las criaturas de aquella  realidad desaforada hemos tenido que pedirle muy poco a la imaginación,  porque el desafío mayor para nosotros ha sido la insuficiencia de los  recursos convencionales para hacer creíble nuestra vida. Este es,  amigos, el nudo de nuestra soledad. "" ""Pero creo que los europeos de  espíritu clarificador, los que luchan también aquí por una patria grande  más humana y más justa, podrían ayudarnos mejor si revisaran a fondo su  manera de vernos. La solidaridad con nuestros sueños no nos hará sentir  menos solos, mientras no se concrete con actos de respaldo legítimo a  los pueblos que asuman la ilusión de tener una vida propia en el reparto  del mundo. "" ",6.0," Construye un discurso a partir de la reconstrucción histórica  del encuentro entre dos mundos, el europeo, el que le otorga el  reconocimiento literario a un escritor latinoamericano y el del escritor  laureado que aprovecha los reflectores para denunciar la ceguera del  anfitrión, ante las desmesuras sociales, históricas, que ocurren en  Latinoamérica, herencia de la primigenia incomprensión. Establece  comparaciones entre uno y otro, narra escenarios históricos pero  surrealistas vividos en Latinoamérica. El asunto principal lo inserta a  mitad del discurso. Emplea elementos de su novela ""cien años de soledad""  durante el discurso y remata citándola textualmente al final. Una  construcción lenta pero nutrida, con un quid claro y con un cierre  contextual afortunado y porteño. Falla en presentar desde un principio  el quid, pero la forma en que comienza a hilvanar el texto, por la  historia, construye un hilo conductor del discurso que no suelta, y que  mantiene tenso hacia el final. ""La independencia del dominio español no nos puso a salvo de la  demencia. El general Antonio López de Santana, que fue tres veces  dictador de México, hizo enterrar con funerales magníficos la pierna  derecha que había perdido en la llamada Guerra de los Pasteles. El  general Gabriel García Morena gobernó al Ecuador durante 16 años como un  monarca absoluto, y su cadáver fue velado con su uniforme de gala y su  coraza de condecoraciones sentado en la silla presidencial."" ""De Chile,  país de tradiciones hospitalarias, ha huido un millón de personas: el 12  % por ciento de su población. El Uruguay, una nación minúscula de dos y  medio millones de habitantes que se consideraba como el país más  civilizado del continente, ha perdido en el destierro a uno de cada  cinco ciudadanos. La guerra civil en El Salvador ha causado desde 1979  casi un refugiado cada 20 minutos. El país que se pudiera hacer con  todos los exiliados y emigrados forzosos de América Latina, tendría una  población más numerosa que Noruega. "" ""Tal vez la Europa venerable sería  más comprensiva si tratara de vernos en su propio pasado. Si recordara  que Londres necesitó 300 años para construirse su primera muralla y  otros 300 para tener un obispo, que Roma se debatió en las tinieblas de  la incertidumbre durante 20 siglos antes de que un rey etrusco la  implantara en la historia, y que aun en el siglo XVI los pacíficos  suizos de hoy, que nos deleitan con sus quesos mansos y sus relojes  impávidos, ensangrentaron a Europa como soldados de fortuna"" ",8.0," Un tono que va de lo demandante y lapidario, a las  oportunidades y fuerzas. En general, no agradece el premio y más bien  aprovecha la oportunidad para señalar lo que vive América latina para  poner en claro que no es factible entenderla con preceptos europeos. La  falta de agradecimiento rompe protocolos, pero encuadra muy bien el quid  discursivo, crea una expectativa que no se cumple, y que deja en el  aire una reflexión ulterior. ""América latina no quiere ni tiene por qué ser un alfil sin  albedrío, ni tiene nada de quimérico que sus designios de independencia y  originalidad se conviertan en una aspiración occidental."" ""Sin embargo,  frente a la opresión, el saqueo y el abandono, nuestra respuesta es la  vida."" ""Pero muchos dirigentes y pensadores europeos lo han creído, con  el infantilismo de los abuelos que olvidaron las locuras fructíferas de  su juventud, como si no fuera posible otro destino que vivir a merced de  los dos grandes dueños del mundo. Este es, amigos, el tamaño de nuestra  soledad."" ",9.0," Soportes de tipo histórico y estadísticos van construyendo un  escenario donde denuncia una realidad que presentada como mágica, es  desgarradora. Parece un discurso bien informado, pero no cita las  fuentes de sus argumentos. Utiliza una cita textual de Faulkner , que  aprovecha para rematar el discurso. Un tejido sustancioso de  comparaciones que hacen una trama fluida. Pierde puntos por no citar  fuentes. ""Ha habido 5 guerras y 17 golpes de estado, y surgió un dictador  luciferino que en el nombre de Dios lleva a cabo el primer etnocidio de  América Latina en nuestro tiempo. Mientras tanto, 20 millones de niños  latinoamericanos morían antes de cumplir dos años, que son más de  cuantos han nacido en Europa desde 1970. Los desaparecidos por motivos  de la represión son casi 120 mil, que es como si hoy no se supiera donde  están todos los habitantes de la cuidad de Upsala."" ""De Chile, país de  tradiciones hospitalarias, ha huido un millón de personas: el 12 % por  ciento de su población. El Uruguay, una nación minúscula de dos y medio  millones de habitantes que se consideraba como el país más civilizado  del continente, ha perdido en el destierro a uno de cada cinco  ciudadanos"" ""Una ventaja que aumenta y se acelera: cada año hay 74  millones más de nacimientos que de defunciones, una cantidad de vivos  nuevos como para aumentar siete veces cada año la población de Nueva  York."" ",8.0," En el último párrafo, después de ilustrar un futuro prometedor  (el bono demográfico), y no haber nunca agradecido el premio, hace una  homenaje a otro escritor, cuyo discurso 32 años antes ante el mismo  premio, preveía un colapso humano: ""me niego a aceptar el fin del  hombre"". Luego deja espacio para seguir delineando la utopía soñada por  Latinoamérica. Un cierre de auto citas, cuyo tono nunca reclama y al  contrario, universaliza la aspiración a la felicidad. En el cierre  recoge todo el discurso, lo sopesa y lo convierte en literatura, parece  un cierre apropiado al quid, al autor y a la intención . Ante esta realidad sobrecogedora que a través de todo el tiempo  humano debió de parecer una utopía, los inventores de fábulas que todo  lo creemos nos sentimos con el derecho de creer que todavía no es  demasiado tarde para emprender la creación de la utopía contraria. Una  nueva y arrasadora utopía de la vida, donde nadie pueda decidir por  otros hasta la forma de morir, donde de veras sea cierto el amor y sea  posible la felicidad, y donde las estirpes condenadas a cien años de  soledad tengan por fin y para siempre una segunda oportunidad sobre la  tierra. ",10," Una de cada cinco palabras fueron empleadas para expresar  datos que apoyaron sus dichos. Hechos históricos en su mayoría y Citas a  terceros. Ejemplo: ""En busca de la fuente de la Eterna Juventud, el  mítico Alvar Núñez Cabeza de Vaca exploró durante ocho años el norte de  México, en una expedición venática cuyos miembros se comieron unos a  otros, y sólo llegaron cinco de los 600 que la emprendieron."" ",20.8%,0%,19.7%,1.1%," Con 42% de palabras el autor expresa Percepciones. Resalta la  Opinión que aparece en una quinta parte del texto; también se apoya de  la Referencia a terceros, la Provocación y la Idea épica, que empleadas  en casi igual proporción, le sirven para dar contundencia a sus puntos  de vista. Ej. ""La independencia del dominio español no nos puso a salvo  de la demencia."" O bien ""En las buenas conciencias de Europa, y a veces  también en las malas, han irrumpido desde entonces con más ímpetus que  nunca las noticias fantasmales de la América Latina, esa patria inmensa  de hombres alucinados y mujeres históricas, cuya terquedad sin fin se  confunde con la leyenda."". ",41.9%,20.4%,6.3%,6.6%,0%,3.1%,0%,0%,0%,5.5%,0%," Poco más de un cuarto del texto es dedicado a los Racionales  negativos: la interpretación racional del autor se plasma principalmente  bajo forma de Debilidades y tienen la particularidad de sustentarse con  numerosos datos que utiliza para ejemplificar y justificar sus  hipótesis, y que permiten a quien lee/escucha a dimensionar sus  planteamientos. ""De Chile, país de tradiciones hospitalarias, ha huido  un millón de personas: el 12 % por ciento de su población. El Uruguay,  una nación minúscula de dos y medio millones de habitantes que se  consideraba como el país más civilizado del continente, ha perdido en el  destierro a uno de cada cinco ciudadanos. La guerra civil en El  Salvador ha causado desde 1979 casi un refugiado cada 20 minutos. El  país que se pudiera hacer con todos los exiliados y emigrados forzosos  de América Latina, tendría una población más numerosa que Noruega."" O bien: ""Poetas y mendigos, músicos y profetas, guerreros y  malandrines, todas las criaturas de aquella realidad desaforada hemos  tenido que pedirle muy poco a la imaginación, porque el desafío mayor  para nosotros ha sido la insuficiencia de los recursos convencionales  para hacer creíble nuestra vida. Este es, amigos, el nudo de nuestra  soledad."" ",26%,2.3%,23.7%," Aunque las Racionales positivas son emitidas en una proporción  menor que las Negativas (11.2%), el autor plantea Oportunidades de  solución que modifican el tono del discurso hacia el final del mismo:  ""Pero creo que los europeos de espíritu clarificador, los que luchan  también aquí por una patria grande más humana y más justa, podrían  ayudarnos mejor si revisaran a fondo su manera de vernos. La solidaridad  con nuestros sueños no nos hará sentir menos solos, mientras no se  concrete con actos de respaldo legítimo a los pueblos que asuman la  ilusión de tener una vida propia en el reparto del mundo."" ",11.2%,2.9%,8.3%,0%, Ninguna. ,0%,0%,0%,0%,5.5%,0%,0%,"Estructuralmente, discurso de 8.2/10 en  escala ADQAT. 1917 palabras impecables…de Nobel. Inicio poético pero  poco claro en donde se auto invita a no caer en vanidad, dijo: “al  primer nativo que encontraron en la Patagonia le pusieron enfrente un  espejo, y aquel gigante enardecido perdió el uso de la razón por el  pavor de su propia imagen”. Hilvana su discurso a partir del encuentro entre dos mundos, el  europeo que le otorga el reconocimiento literario a un escritor  latinoamericano; y el escritor laureado que aprovecha los micrófonos  para denunciar la ceguera frente a diversas desmesuras sociales en la  región. Discurso informado que destaca su oficio de reportero ya que describe múltiples eventos con precisión. Cierra con un potente: donde nadie pueda decidir por otros hasta  la forma de morir, donde de veras sea cierto el amor y sea posible la  felicidad, y donde las estirpes condenadas a cien años de soledad tengan  por fin y para siempre una segunda oportunidad sobre la tierra. Cognitivamente, un discurso que destina 17% de sus palabras a los  hechos y datos; 40% de sus palabras destacan percepciones, bajo forma de  opiniones, provocación, referencia a terceros, idea épica y dudas o  preguntas. Mensaje de más debilidades que oportunidades y ninguna  propuesta. Decía Gabriel García Márquez: La muerte no llega con la vejez, sino con el olvido. QEPD. ","Antonio Pigafetta, un navegante  florentino que acompañó a Magallanes en el primer viaje alrededor del  mundo, escribió a su paso por nuestra América meridional una crónica  rigurosa que sin embargo parece una aventura de la imaginación. Contó  que había visto cerdos con el ombligo en el lomo, y unos pájaros sin  patas cuyas hembras empollaban en las espaldas del macho, y otros como  alcatraces sin lengua cuyos picos parecían una cuchara. Contó que había  visto un engendro animal con cabeza y orejas de mula, cuerpo de camello,  patas de ciervo y relincho de caballo. Contó que al primer nativo que  encontraron en la Patagonia le pusieron enfrente un espejo, y que aquel  gigante enardecido perdió el uso de la razón por el pavor de su propia  imagen.

 Este libro breve y fascinante, en el cual ya se vislumbran los  gérmenes de nuestras novelas de hoy, no es ni mucho menos el testimonio  más asombroso de nuestra realidad de aquellos tiempos. Los Cronistas de  Indias nos legaron otros incontables. Eldorado, nuestro país ilusorio  tan codiciado, figuró en mapas numerosos durante largos años, cambiando  de lugar y de forma según la fantasía de los cartógrafos. En busca de la  fuente de la Eterna Juventud, el mítico Alvar Núñez Cabeza de Vaca  exploró durante ocho años el norte de México, en una expedición venática  cuyos miembros se comieron unos a otros, y sólo llegaron cinco de los  600 que la emprendieron. Uno de los tantos misterios que nunca fueron  descifrados, es el de las once mil mulas cargadas con cien libras de oro  cada una, que un día salieron del Cuzco para pagar el rescate de  Atahualpa y nunca llegaron a su destino. Más tarde, durante la colonia,  se vendían en Cartagena de Indias unas gallinas criadas en tierras de  aluvión, en cuyas mollejas se encontraban piedrecitas de oro. Este  delirio áureo de nuestros fundadores nos persiguió hasta hace poco  tiempo. Apenas en el siglo pasado la misión alemana encargada de  estudiar la construcción de un ferrocarril interoceánico en el istmo de  Panamá, concluyó que el proyecto era viable con la condición de que los  rieles no se hicieran de hierro, que era un metal escaso en la región,  sino que se hicieran de oro.

 La independencia del dominio español no nos puso a salvo de la  demencia. El general Antonio López de Santana, que fue tres veces  dictador de México, hizo enterrar con funerales magníficos la pierna  derecha que había perdido en la llamada Guerra de los Pasteles. El  general Gabriel García Morena gobernó al Ecuador durante 16 años como un  monarca absoluto, y su cadáver fue velado con su uniforme de gala y su  coraza de condecoraciones sentado en la silla presidencial. El general  Maximiliano Hernández Martínez, el déspota teósofo de El Salvador que  hizo exterminar en una matanza bárbara a 30 mil campesinos, había  inventado un péndulo para averiguar si los alimentos estaban  envenenados, e hizo cubrir con papel rojo el alumbrado público para  combatir una epidemia de escarlatina. El monumento al general Francisco  Morazán, erigido en la plaza mayor de Tegucigalpa, es en realidad una  estatua del mariscal Ney comprada en Paris en un depósito de esculturas  usadas.

 Hace once años, uno de los poetas insignes de nuestro tiempo, el  chileno Pablo Neruda, iluminó este ámbito con su palabra. En las buenas  conciencias de Europa, y a veces también en las malas, han irrumpido  desde entonces con más ímpetus que nunca las noticias fantasmales de la  América Latina, esa patria inmensa de hombres alucinados y mujeres  históricas, cuya terquedad sin fin se confunde con la leyenda. No hemos  tenido un instante de sosiego. Un presidente prometeico atrincherado en  su palacio en llamas murió peleando solo contra todo un ejército, y dos  desastres aéreos sospechosos y nunca esclarecidos segaron la vida de  otro de corazón generoso, y la de un militar demócrata que había  restaurado la dignidad de su pueblo. Ha habido 5 guerras y 17 golpes de  estado, y surgió un dictador luciferino que en el nombre de Dios lleva a  cabo el primer etnocidio de América Latina en nuestro tiempo. Mientras  tanto, 20 millones de niños latinoamericanos morían antes de cumplir dos  años, que son más de cuantos han nacido en Europa desde 1970. Los  desaparecidos por motivos de la represión son casi 120 mil, que es como  si hoy no se supiera donde están todos los habitantes de la cuidad de  Upsala. Numerosas mujeres encintas fueron arrestadas dieron a luz en  cárceles argentinas, pero aun se ignora el paradero y la identidad de  sus hijos, que fueron dados en adopción clandestina o internados en  orfanatos por las autoridades militares. Por no querer que las cosas  siguieran así han muerto cerca de 200 mil mujeres y hombres en todo el  continente, y más de 100 mil perecieron en tres pequeños y voluntariosos  países de la América Central, Nicaragua, El Salvador y Guatemala. Si  esto fuera en los Estados Unidos, la cifra proporcional sería de un  millón 600 muertes violentas en cuatro años.

 De Chile, país de tradiciones hospitalarias, ha huido un millón de  personas: el 12 % por ciento de su población. El Uruguay, una nación  minúscula de dos y medio millones de habitantes que se consideraba como  el país más civilizado del continente, ha perdido en el destierro a uno  de cada cinco ciudadanos. La guerra civil en El Salvador ha causado  desde 1979 casi un refugiado cada 20 minutos. El país que se pudiera  hacer con todos los exiliados y emigrados forzosos de América Latina,  tendría una población más numerosa que Noruega.

 Me atrevo a pensar, que es esta realidad descomunal, y no sólo su  expresión literaria, la que este año ha merecido la atención de la  Academia Sueca de las Letras. Una realidad que no es la del papel, sino  que vive con nosotros y determina cada instante de nuestras incontables  muertes cotidianas, y que sustenta un manantial de creación insaciable,  pleno de desdicha y de belleza, del cual este colombiano errante y  nostálgico no es más que una cifra más señalada por la suerte. Poetas y  mendigos, músicos y profetas, guerreros y malandrines, todas las  criaturas de aquella realidad desaforada hemos tenido que pedirle muy  poco a la imaginación, porque el desafío mayor para nosotros ha sido la  insuficiencia de los recursos convencionales para hacer creíble nuestra  vida. Este es, amigos, el nudo de nuestra soledad.

 Pues si estas dificultades nos entorpecen a nosotros, que somos de su  esencia, no es difícil entender que los talentos racionales de este  lado del mundo, extasiados en la contemplación de sus propias culturas,  se hayan quedado sin un método válido para interpretarnos. Es  comprensible que insistan en medirnos con la misma vara con que se miden  a sí mismos, sin recordar que los estragos de la vida no son iguales  para todos, y que la búsqueda de la identidad propia es tan ardua y  sangrienta para nosotros como lo fue para ellos. La interpretación de  nuestra realidad con esquemas ajenos sólo contribuye a hacernos cada vez  más desconocidos, cada vez menos libres, cada vez más solitarios. Tal  vez la Europa venerable sería más comprensiva si tratara de vernos en su  propio pasado. Si recordara que Londres necesitó 300 años para  construirse su primera muralla y otros 300 para tener un obispo, que  Roma se debatió en las tinieblas de la incertidumbre durante 20 siglos  antes de que un rey etrusco la implantara en la historia, y que aun en  el siglo XVI los pacíficos suizos de hoy, que nos deleitan con sus  quesos mansos y sus relojes impávidos, ensangrentaron a Europa como  soldados de fortuna. Aun en el apogeo del Renacimiento, 12 mil  lansquenetes a sueldo de los ejércitos imperiales saquearon y devastaron  a Roma, y pasaron a cuchillo a ocho mil de sus habitantes.

 No pretendo encarnar las ilusiones de Tonio Kröger, cuyos sueños de  unión entre un norte casto y un sur apasionado exaltaba Thomas Mann hace  53 años en este lugar. Pero creo que los europeos de espíritu  clarificador, los que luchan también aquí por una patria grande más  humana y más justa, podrían ayudarnos mejor si revisaran a fondo su  manera de vernos. La solidaridad con nuestros sueños no nos hará sentir  menos solos, mientras no se concrete con actos de respaldo legítimo a  los pueblos que asuman la ilusión de tener una vida propia en el reparto  del mundo.

 América latina no quiere ni tiene por qué ser un alfil sin albedrío,  ni tiene nada de quimérico que sus designios de independencia y  originalidad se conviertan en una aspiración occidental. No obstante,  los progresos de la navegación que han reducido tantas distancias entre  nuestras Américas y Europa, parecen haber aumentado en cambio nuestra  distancia cultural. ¿Por qué la originalidad que se nos admite sin  reservas en la literatura se nos niega con toda clase de suspicacias en  nuestras tentativas tan difíciles de cambio social? ¿Por qué pensar que  la justicia social que los europeos de avanzada tratan de imponer en sus  países no puede ser también un objetivo latinoamericano con métodos  distintos en condiciones diferentes? No: la violencia y el dolor  desmesurados de nuestra historia son el resultado de injusticias  seculares y amarguras sin cuento, y no una confabulación urdida a 3 mil  leguas de nuestra casa. Pero muchos dirigentes y pensadores europeos lo  han creído, con el infantilismo de los abuelos que olvidaron las locuras  fructíferas de su juventud, como si no fuera posible otro destino que  vivir a merced de los dos grandes dueños del mundo. Este es, amigos, el  tamaño de nuestra soledad.

 Sin embargo, frente a la opresión, el saqueo y el abandono, nuestra  respuesta es la vida. Ni los diluvios ni las pestes, ni las hambrunas ni  los cataclismos, ni siquiera las guerras eternas a través de los siglos  y los siglos han conseguido reducir la ventaja tenaz de la vida sobre  la muerte. Una ventaja que aumenta y se acelera: cada año hay 74  millones más de nacimientos que de defunciones, una cantidad de vivos  nuevos como para aumentar siete veces cada año la población de Nueva  York. La mayoría de ellos nacen en los países con menos recursos, y  entre estos, por supuesto, los de América Latina. En cambio, los países  más prósperos han logrado acumular suficiente poder de destrucción como  para aniquilar cien veces no sólo a todos los seres humanos que han  existido hasta hoy, sino la totalidad de los seres vivos que han pasado  por este planeta de infortunios.

 Un día como el de hoy, mi maestro William Faulkner dijo en este  lugar: ""Me niego a admitir el fin del hombre"". No me sentiría digno de  ocupar este sitio que fue suyo si no tuviera la conciencia plena de que  por primera vez desde los orígenes de la humanidad, el desastre colosal  que él se negaba a admitir hace 32 años es ahora nada más que una simple  posibilidad científica. Ante esta realidad sobrecogedora que a través  de todo el tiempo humano debió de parecer una utopía, los inventores de  fábulas que todo lo creemos nos sentimos con el derecho de creer que  todavía no es demasiado tarde para emprender la creación de la utopía  contraria. Una nueva y arrasadora utopía de la vida, donde nadie pueda  decidir por otros hasta la forma de morir, donde de veras sea cierto el  amor y sea posible la felicidad, y donde las estirpes condenadas a cien  años de soledad tengan por fin y para siempre una segunda oportunidad  sobre la tierra.

 Fuente:http://www.nobelprize.org/nobel_prizes/literature/laureates/1982/marquez-lecture-sp.html

 8 de diciembre 1982.

"
"John Lennon y su discurso ""Nos Hicieron Creer""",  	6.9 ," Es su hilo conductor. Anuncia al inicio del discurso lo que les  hicieron creer respecto al amor, y lo que dijeron que es este. Señaló:  ""Nos hicieron creer que el gran amor sólo sucede una vez, generalmente  antes de los 30 años. No nos contaron que el amor no es accionado, ni  llega en un momento determinado"". ""Nos hicieron creer que cada uno de  nosotros es la mitad de una naranja, y que la vida sólo tiene sentido  cuando encontramos la otra mitad."" ",8.5," Con un estilo de poeta explica desde diferentes aspectos, la  diferencia entre lo que es ""nos hicieron creer"" y ""lo que no nos  contaron"". Hace énfasis en lo que sí cree, pero desarrolla poco sus  ideas sobre lo que es el amor, centrándose más en el modelo con el que  crecieron. Como ejemplo: ""No nos contaron que ya nacemos enteros, que nadie en la  vida merece cargar en las espaldas la responsabilidad de otro."" ",7.0," La más alta calificación estructural. Con un lenguaje adecuado,  contundente y asertivo, intenta develar una contradicción entre lo que  se ha dicho del amor y lo que no se ha dicho. Como ejemplo: ""No nos contaron que estas fórmulas son equivocadas, frustran a las  personas, son alienantes, y que podemos intentar otras alternativas."" O  ""(...) Y ahí, cuando estés muy enamorado de ti, vas a poder ser muy  feliz y te vas a enamorar de alguien."" ",10," Con excepción de los lugares comunes que señala, no da ningún  soporte a sus argumentos, no nos dice quiénes fueron los que ""nos  hicieron creer que..."" ni en función de qué determina sus reflexiones  sobre lo que no nos contaron. No hay cifras ni datos duros. ",1.0, Contundente: plantea casi con obviedad el tipo de reflexión  profunda que quiere lograr en sus escuchas y lectores. Una ingeniosa  liga entre el amor y la violencia. ,8.0, No utiliza datos o hechos concretos para ilustrar su discurso. ,17%,10%,5%,2%," Un poema en lírica. Utiliza un 58.96% del total de palabras de  su discurso para expresar referencias a terceros, a lo que otros han  dicho, en la construcción social del pensamiento colectivo alrededor del  amor: ""Nos hicieron creer que cada uno de nosotros es la mitad de una  naranja, y que la vida sólo tiene sentido cuando encontramos la otra  mitad/ Nos hicieron creer que el casamiento es obligatorio y que los  deseos fuera de término deben ser reprimidos. /Nos hicieron creer que  los lindos y flacos son más amados."" ",58.9%,0%,0%,17.5%,32.8%,8.6%,0%,0%,0%,0%,0%," Plantea un 17.6% del total de sus palabras para señalar  racionales negativos en torno a la idea principal, ""lo que nos han hecho  creer"". Por ejemplo debilidades, como tal: ""Nos hicieron creer que los  lindos y flacos son más amados."" O bien ""Nos hicieron creer que sólo hay  una fórmula para ser feliz, la misma para todos, y los que escapan de  ella están condenados a la marginalidad.” ",17.2%,0%,17.2%," Con casi una de cada cuatro palabras, emplea 23.88% del total  de su poema para plantear alternativas, ventajas y oportunidades al  status quo que cuestiona. Como ejemplo: ""¡Ah!, tampoco nos dijeron que  nadie nos iba a decir todo esto... cada uno lo va a tener que descubrir  solo. Y ahí, cuando estés muy enamorado de ti, vas a poder ser muy feliz  y te vas a enamorar de alguien."" ",23.9%,0%,23.9%,0%, No señala. ,0%,0%,0%,0%,0%,0%,0%," Un discurso que resume la transformación cultural del mundo occidental en los años 60 y de la cual él fue actor vital. Una transformación de muy alto significado que en México fue filtrada por “Popotitos” y “Agujetas de color de rosa”. En México, el cuestionamiento es vigente más de 30 años después. Un artista que siempre que pudo cuestionó al status quo. Sobre todo en su etapa post Beatles. Un texto donde se emite una declaración. Un poema cargado de significado político. Contundente, no presenta ningún argumento de mayor peso que sus creencias. No se espera de un artista propuesta sino  visiones, oportunidades y provocación. Lennon las manejaba a la  perfección en muy pocas palabras. Cabe destacar que es un discurso menos emocional que el de diversos políticos de México evaluados por AdQat. “Si quieres la paz, no hablas con tus  amigos. Hablas con tus enemigos.”- Moshe Dayan. Eso hacía Lennon, en un  lenguaje novedoso y retador en la época. No se puede comprender la cultura occidental actual sin él.  ","Nos hicieron creer que el "" gran amor "", sólo sucede una vez, generalmente antes de los 30 años.

 No nos contaron que el amor no es accionado, ni llega en un momento determinado.

 Nos hicieron creer que cada uno de nosotros es la mitad de una  naranja, y que la vida sólo tiene sentido cuando encontramos la otra  mitad.

 No nos contaron que ya nacemos enteros, que nadie en la vida merece cargar en las espaldas, la responsabilidad de otro.

 Nos hicieron creer en una fórmula llamada "" dos en uno "" : dos  personas pensando igual, actuando igual, que era eso lo que funcionaba.

 No nos contaron que eso tiene un nombre: anulación. Que sólo siendo  con personalidad propia, podremos tener una relación saludable.

 Nos hicieron creer que el casamiento es obligatorio y que los deseos fuera de término, deben ser reprimidos.

 Nos hicieron creer que los lindos y flacos son más amados.

 Nos hicieron creer que sólo hay una fórmula para ser feliz, la misma  para todos, y los que escapan de ella están condenados a la  marginalidad.

 No nos contaron que estas fórmulas son equivocadas, frustran a las  personas, son alienantes, y que podemos intentar otras alternativas.

 ¡ Ah!, tampoco nos dijeron que nadie nos iba a decir todo esto...  cada uno lo va a tener que descubrir solo. Y ahí, cuando estés muy  enamorado de tí, vas a poder ser muy feliz y te vas a enamorar de  alguien .

 "" Vivimos en un mundo donde nos escondemos para hacer el amor... aunque la violencia, se practica a plena luz del día ""

"
Steve Jobs en la Universidad de Stanford,  	8.4 , Menciona con claridad el sentido de su mensaje: Contar tres  historias de vida. Desde el inicio señala que el resto de su discurso  serán anécdotas personales. Dijo: “Hoy deseo contarles tres historias de mi vida. Eso es. No es gran cosa. Sólo tres historias.” ,8.0," Es consistente: Aunque argumenta con anécdotas, la estructura  permite seguir un hilo simple. Hace una reflexión al final de cada una.  Por ejemplo, dijo: “Su trabajo va a llenar gran parte de sus vidas y la única manera de  sentirse realmente satisfecho es hacer aquello que creen es un gran  trabajo. Y la única forma de hacer un gran trabajo es amando lo que  hacen. Si todavía no lo han encontrado, sigan buscando.” O bien: “Ahora  mismo, ustedes son lo nuevo, pero algún día, no muy lejano, gradualmente  ustedes serán viejos y serán eliminados. Lamento ser tan trágico, pero  es muy cierto. Su tiempo tiene límite, así que no lo pierdan viviendo la  vida de otra persona. No se dejen atrapar por dogmas” ",9.0," Inspirador, Empático al mostrarse (de manera reiterada) en la  posición de las personas de su audiencia. Invita a la reflexión con  temas y frases ‘fuertes’. Por ejemplo, al decir: “Recordar que van a morir es la mejor manera que conozco para evitar la  trampa de pensar que tienen algo que perder. Ya están desnudos. No hay  ninguna razón para no seguir a su corazón.” ",10," En su mayoría utiliza opiniones para soportar su discurso. Cita  datos con fuente para referir un hecho concreto en una de sus  historias, pero en general son etapas o sucesos de vida los que  sustentan sus dichos. Por ejemplo: “De ese modo a los 30 años (yo) estaba afuera. Y muy publicitadamente  fuera. Había desaparecido aquello que había sido el centro de toda mi  vida adulta; fue devastador” ",7.0, Es certero en sus palabras finales pero lo que menciona no  tiene (propiamente) relación con el principio de su discurso. Cita una  publicación de su juventud que en su reflexión engloba la inspiración  que pretende con su auditorio ,8.0," Menciona una gran cantidad de datos sin fuente, casi 18%.  Relata historias verídicas y hace alusión a documentos o textos que  existen y lo marcaron. Sirven de soporte para contar su historia. ",17.8%,0%,17.8%,0%," Un discurso emotivo. La opinión predomina con 32.5%, con frases como: ""Así que decidí  retirarme y confiar en que todo iba a resultar bien. Fue bastante  aterrador en ese momento, pero mirando hacia las clases obligatorias que  no me interesaban y comencé a asistir irregularmente a las que se veían  interesantes. Me encantaba. La mayor parte de las cosas con que tropecé siguiendo mi  curiosidad e intuición resultaron ser inestimables posteriormente."" Uno de los elementos clave de su discurso es la auto revelación, que  genera empatía con los jóvenes a los que se dirige, sin un tono  chantajista, con casi 16%: ""Había desaparecido aquello que había sido el  centro de toda mi vida adulta, fue devastador. Por unos cuantos meses, realmente no supe qué hacer. Fue un absoluto fracaso público e incluso pensaba en alejarme del valle. "" La idea épica es hermosamente manejada: ""Por lo tanto, tienen que  confiar en que los puntos de alguna manera se conectarán en su futuro.  Tienen que confiar en algo – su instinto, su destino, su vida, su karma,  lo que sea. Esta perspectiva nunca me ha decepcionado, y ha hecho la  diferencia en mi vida."" ",66.1%,32.5%,4.5%,0%,0.5%,0.6%,3.1%,0%,15.9%,9%,0%, Apenas 38 palabras para describir alguna dificultad que se cruzó en su camino. ,1.7%,0%,1.7%," Ventajas, oportunidades y fortalezas suman 11%. Un discurso que combina esperanza con logros. ",11%,3.6%,4.5%,2.9%, Destacan los 3.3% objetivos que les plantea a los jóvenes recién graduados. ,3.3%,0%,0%,3.3%,9%,0%,0%, Es un discurso altamente emocional. Utiliza la auto revelación y la  narración de hechos de vida para positivar el impacto de su relato en la  audiencia. Un discurso intencionado para el contexto en que se  presenta. Puede ser que en el momento de preparar este discurso sabía la  gravedad de la enfermedad que padecía. Hace referencias a vida y muerte Elige palabras coloquiales y fáciles para permitir al público imaginar por lo que él pasó. Una pieza de inspiración con la potencia que pocas veces se logra.  Un mensaje oportuno para su público dicho por el mensajero adecuado.  Binomio que hace de este un discurso histórico del siglo 21. Un hombre adelantado a su tiempo y a quien muchos consideran esencia de los tiempos que vivimos. Descanse en Paz.  ,"12 junio 2005

 ""Tienen que encontrar eso que aman"".

 Me siento honrado de estar con ustedes hoy en su ceremonia de  graduación en una de las mejores universidades del mundo. Yo nunca me  gradué de una universidad. La verdad sea dicha, esto es lo más cerca que  he estado de una graduación. Hoy deseo contarles tres historias de mi  vida. Eso es. No es gran cosa. Sólo tres historias.

 La primera historia se trata de conectar los puntos:

 Me retiré del Reed College después de los primeros 6 meses y seguí  yendo de modo intermitente otros 18 meses o más antes de renunciar de  verdad. Entonces ¿por qué me retiré?. Comenzó antes de que yo naciera.  Mi madre biológica era joven, estudiante de universidad graduada,  soltera, y decidió darme en adopción. Ella creía firmemente que debía  ser adoptado por estudiantes graduados. Por lo tanto, todo estaba  arreglado para que apenas naciera fuera adoptado por un abogado y su  esposa; salvo que cuando nací, decidieron en el último minuto que en  realidad deseaban una niña. De ese modo, mis padres que estaban en lista  de espera, recibieron una llamada en medio de la noche preguntándoles:  ""Tenemos un niño no deseado; ¿lo quieren?"". Ellos dijeron ""Por  supuesto"".

 Posteriormente, mi madre biológica se enteró que mi madre nunca se  había graduado de una universidad y que mi padre nunca se había graduado  de la enseñanza media. Se negó a firmar los papeles de adopción  definitivos. Sólo cambió de parecer unos meses más tarde cuando mis  padres prometieron que algún día yo iría a la universidad. Luego a los  17 años fui a la universidad. Sin embargo, ingenuamente elegí una  universidad casi tan cara como Stanford y todos los ahorros de mis  padres de clase obrera fueron gastados en mí matrícula. Después de 6  meses yo no era capaz de apreciar el valor de lo anterior. No tenía idea  de lo que quería hacer con mi vida y no tenía idea de la manera en que  la universidad me iba a ayudar a deducirlo. Y aquí estaba yo, gastando  todo el dinero que mis padres habían ahorrado durante toda su vida. Así  que decidí retirarme y confiar en que todo iba a resultar bien. Fue  bastante aterrador en ese momento, pero mirando hacia las clases  obligatorias que no me interesaban y comencé a asistir irregularmente a  las que se veían interesantes.

 No todo fue romántico. No tenía dormitorio, dormía en el piso de los  dormitorios de amigos, llevaba botellas de Coca Cola a los depósitos de 5  centavos para comprar comida y caminaba 11 kilómetros, cruzando la  ciudad todos los domingos en la noche para conseguir una buena comida a  la semana en el templo Hare Krishna. Me encantaba. La mayor parte de las  cosas con que tropecé siguiendo mi curiosidad e intuición resultaron  ser inestimables posteriormente. Les doy un ejemplo: en ese tiempo Reed  College ofrecía quizás la mejor instrucción en caligrafía del país.  Todos los afiches, todas las etiquetas de todos los cajones estaban  bellamente escritos en caligrafía a mano en todo el campus. Debido a que  me había retirado y no tenía que asistir a las clases normales, decidí  tomar una clase de caligrafía para aprender. Aprendí de los tipos serif y  san serif, de la variación de la cantidad de espacio entre las  distintas combinaciones de letras, de lo que hace que la gran tipografía  sea lo que es. Fue hermoso, histórico, artísticamente sutil de una  manera en que la ciencia no logra capturar, y lo encontré fascinante.

 Nada de esto tenía incluso una esperanza de aplicación práctica en mi  vida. No obstante, diez años después, cuando estaba diseñando la  primera computadora Macintosh, todo tuvo sentido para mí. Y todo lo  diseñamos en la Mac. Fue la primera computadora con una bella  tipografía. Si nunca hubiera asistido a ese único curso en la  universidad, la Mac nunca habría tenido tipos múltiples o fuentes  proporcionalmente espaciadas. Además, puesto que Windows sólo copió la  Mac, es probable que ninguna computadora personal la tendría. Si nunca  me hubiera retirado, nunca habría asistido a esa clase de caligrafía, y  las computadoras personales no tendrían la maravillosa tipografía que  tienen. Por supuesto era imposible conectar los puntos mirando hacia el  futuro cuando estaba en la universidad. Sin embargo, fue muy, muy claro  mirando hacia el pasado diez años después.

 Reitero, no pueden conectar los puntos mirando hacia el futuro;  solamente pueden conectarlos mirando hacia el pasado. Por lo tanto,  tienen que confiar en que los puntos de alguna manera se conectarán en  su futuro. Tienen que confiar en algo – su instinto, su destino, su  vida, su karma, lo que sea. Esta perspectiva nunca me ha decepcionado, y  ha hecho la diferencia en mi vida.

 La segunda historia es sobre amor y pérdida.

 Yo fui afortunado – descubrí lo que amaba hacer temprano en la vida.  Woz y yo comenzamos Compañía en el garage de mis padres cuando tenía 20  años. Trabajamos duro y en 10 años la Compañía había crecido a partir de  nosotros dos en un garage, transformándose en una compañía de US$2 mil  millones con más de 4.000 empleados. Recién habíamos presentado nuestra  más grandiosa creación –la Macintosh– un año antes y yo recién había  cumplido los 30. Y luego me despidieron. ¿Cómo te pueden despedir de una  compañía que comenzaste? Bien, debido al crecimiento de Compañía  contratamos a alguien que pensé que era muy talentoso para dirigir la  compañía conmigo, los primeros años las cosas marcharon bien. Sin  embargo, nuestras visiones del futuro empezaron a desviarse y finalmente  tuvimos un tropiezo.

 Cuando ocurrió, la Junta del Directorio lo respaldó a él. De ese modo  a los 30 años estaba afuera. Y muy publicitadamente fuera. Había  desaparecido aquello que había sido el centro de toda mi vida adulta,  fue devastador. Por unos cuantos meses, realmente no supe qué hacer.  Sentía que había decepcionado a la generación anterior de empresarios  –que había dejado caer el testimonio cuando me lo estaban pasando. Me  encontré con David Packard y Bob Noyce e intenté disculparme por haberlo  echado a perder tan estrepitosamente. Fue un absoluto fracaso público e  incluso pensaba en alejarme del valle. No obstante, lentamente comencé a  entender algo– Yo todavía amaba lo que hacía. El revés ocurrido con  Compañía no había cambiado eso ni un milímetro. Había sido rechazado,  pero seguía enamorado. Y así decidí comenzar de nuevo.

 En ese entonces no lo entendí, pero sucedió que ser despedido de  Compañía fue lo mejor que podía haberme pasado. La pesadez de ser  exitoso fue reemplazada por la liviandad de ser un principiante otra  vez, menos seguro de todo. Me liberó para entrar en uno de las etapas  más creativas de mi vida. Durante los siguientes cinco años, comencé una  compañía llamada NeXT, otra compañía llamada Pixar, y me enamoré de una  asombrosa mujer que se convirtió en mi esposa. Pixar continuó y creó la  primera película en el mundo animada por computadora, Toy Story, y  ahora es el estudio de animación más exitoso a nivel mundial. En un  notable giro de los hechos, Compañía compró NeXT, regresé a Compañía y  la tecnología que desarrollamos en NeXT constituye el corazón del actual  renacimiento de Compañía.

 Además, con Laurene tenemos una maravillosa familia. Estoy muy seguro  de que nada de esto habría sucedido si no me hubiesen despedido de  Compañía. Fue una amarga medicina, pero creo que el paciente la  necesitaba. En ocasiones la vida te golpea con un ladrillo en la cabeza.  No pierdan la fe. Estoy convencido que lo único que me permitió seguir  fue que yo amaba lo que hacía. Tienen que encontrar eso que aman. Y eso  es tan válido para su trabajo como para sus amores. Su trabajo va a  llenar gran parte de sus vidas y la única manera de sentirse realmente  satisfecho es hacer aquello que creen es un gran trabajo. Y la única  forma de hacer un gran trabajo es amando lo que hacen. Si todavía no lo  han encontrado, sigan buscando. No se detengan. Al igual que con los  asuntos del corazón, sabrán cuando lo encuentren. Y al igual que  cualquier relación importante, mejora con el paso de los años. Así que  sigan buscando hasta que lo encuentren. No se detengan.

 La tercera historia es sobre la muerte:

 Cuando tenía 17 años, leí una cita que decía algo parecido a ""Si  vives cada día como si fuera el último, es muy probable que algún día  hagas lo correcto"". A mí me impresionó y desde entonces, durante los  últimos 33 años, me miro al espejo todas las mañanas y me pregunto: ""Si  hoy fuera en último día de mi vida, ¿querría hacer lo que estoy a punto  de hacer hoy?"" Y cada vez que la respuesta ha sido ""No"" por varios días  seguidos, sé que necesito cambiar algo.

 Recordar que moriré pronto constituye la herramienta más importante  que he encontrado para ayudarme a decidir las grandes elecciones de mi  vida. Porque casi todo –todas las expectativas externas, todo el  orgullo, todo el temor a la vergüenza o al fracaso– todo eso desaparece a  las puertas de la muerte, quedando solamente aquello que es realmente  importante. Recordar que van a morir es la mejor manera que conozco para  evitar la trampa de pensar que tienen algo que perder. Ya están  desnudos. No hay ninguna razón para no seguir a su corazón.

 Casi un año atrás me diagnosticaron cáncer. Me hicieron un scanner a  las 7:30 de la mañana y claramente mostraba un tumor en el páncreas. Yo  ni sabía lo que era el páncreas. Los doctores me dijeron que era muy  probable que fuera un tipo de cáncer incurable y que mis expectativas de  vida no superarían los tres a seis meses. Mi doctor me aconsejó irme a  casa y arreglar mis asuntos, que es el código médico para prepararte  para la muerte.

 Significa intentar decirle a tus hijos todo lo que pensabas decirles  en los próximos 10 años, decirlo en unos pocos meses. Significa  asegurarte que todo esté finiquitado de modo que sea lo más sencillo  posible para tu familia. Significa despedirte. Viví con ese diagnóstico  todo el día. Luego al atardecer me hicieron una biopsia en que  introdujeron un endoscopio por mi garganta, a través del estómago y mis  intestinos, pincharon con una aguja mi páncreas y extrajeron unas pocas  células del tumor. Estaba sedado, pero mi esposa, que estaba allí, me  contó que cuando examinaron las células en el microscopio, los doctores  empezaron a llorar porque descubrieron que era una forma muy rara de  cáncer pancreático, curable con cirugía. Me operaron y ahora estoy bien.

 Fue lo más cercano que he estado a la muerte y espero que sea lo más  cercano por unas cuantas décadas más. Al haber vivido esa experiencia,  puedo contarla con un poco más de certeza que cuando la muerte era un  útil pero puramente intelectual concepto: Nadie quiere morir. Incluso la  gente que quiere ir al cielo, no quiere morir para llegar allá. La  muerte es el destino que todos compartimos. Nadie ha escapado de ella. Y  es como debe ser porque la Muerte es muy probable que sea la mejor  invención de la Vida. Es el agente de cambio de la Vida. Elimina lo  viejo para dejar paso a lo nuevo. Ahora mismo, ustedes son lo nuevo,  pero algún día, no muy lejano, gradualmente ustedes serán viejos y serán  eliminados. Lamento ser tan trágico, pero es muy cierto.

 Su tiempo tiene límite, así que no lo pierdan viviendo la vida de  otra persona. No se dejen atrapar por dogmas – es decir, vivir con los  resultados del pensamiento de otras personas. No permitan que el ruido  de las opiniones ajenas silencien su propia voz interior. Y más  importante todavía, tengan el valor de seguir su corazón e intuición,  que de alguna manera ya saben lo que realmente quieren llegar a ser.  Todo lo demás es secundario.

 Cuando era joven, había una asombrosa publicación llamada The Whole  Earth Catalog, que era una de las biblias de mi generación. Fue creada  por un tipo llamado Steward Brand no muy lejos de aquí en Menlo Park, y  la creó con un toque poético. Fue a fines de los 60, antes de las  computadoras personales y de la edición mediante microcomputadoras, por  lo tanto, en su totalidad estaba editada usando máquinas de escribir,  tijeras y cámaras polaroid. Era un tipo de Google en formato de edición  económica, 35 años antes de que apareciera Google: era idealista y  rebosante de hermosas herramientas y grandes conceptos.

 Steward y su equipo publicaron varias ediciones del The Whole Earth  Catalog, y luego cuando seguía su curso normal, publicaron la última  edición. Fue a mediados de los 70 y yo tenía la edad de ustedes. En la  tapa trasera de la última edición, había una fotografía de una carretera  en el campo temprano en la mañana, similar a una en que estarían  haciendo dedo si fueran así de aventureros. Debajo de la foto decía:  ""Manténganse hambrientos. Manténganse descabellados"". Fue su mensaje de  despedida al finalizar.

 Manténganse hambrientos. Manténganse descabellados. Siempre he  deseado eso para mí. Y ahora, cuando se gradúan para empezar de nuevo,  es lo que deseo para ustedes.

 Permanezcan hambrientos. Permanezcan descabellados.

 Muchas gracias.

 FUENTE: http://www.adrianajurczuk.com.ar/textos/stevejobs.pdf

"
